,confirmedCount,confirmedIncr,curedCount,curedIncr,currentConfirmedCount,currentConfirmedIncr,dateId,deadCount,deadIncr
0,217,217,25,25,188,188,20200119,4,4
1,291,74,25,0,260,72,20200120,6,2
2,440,149,25,0,406,146,20200121,9,3
3,571,131,28,3,526,120,20200122,17,8
4,835,264,34,6,776,250,20200123,25,8
5,1297,462,38,4,1218,442,20200124,41,16
6,1985,688,49,11,1880,662,20200125,56,15
7,2762,777,51,2,2631,751,20200126,80,24
8,4535,1773,60,9,4369,1738,20200127,106,26
9,5999,1464,103,43,5764,1395,20200128,132,26
10,7736,1737,124,21,7442,1678,20200129,170,38
11,9720,1984,171,47,9336,1894,20200130,213,43
12,11821,2101,243,72,11319,1983,20200131,259,46
13,14411,2590,328,85,13779,2460,20200201,304,45
14,17238,2827,475,147,16402,2623,20200202,361,57
15,20471,3233,632,157,19414,3012,20200203,425,64
16,24363,3892,892,260,22980,3566,20200204,491,66
17,28060,3697,1153,261,26343,3363,20200205,564,73
18,31211,3151,1542,389,29032,2689,20200206,637,73
19,34598,3387,2052,510,31823,2791,20200207,723,86
20,37251,2653,2651,599,33788,1965,20200208,812,89
21,40174,2923,3283,632,35982,2194,20200209,909,97
22,42641,2467,3998,715,37626,1644,20200210,1017,108
23,44656,2015,4742,744,38800,1174,20200211,1114,97
24,60921,16265,5915,1173,53638,14838,20200212,1368,254
25,63932,3011,6728,813,55823,2185,20200213,1381,13
26,66576,2644,8101,1373,56951,1128,20200214,1524,143
27,68584,2008,9425,1324,57493,542,20200215,1666,142
28,70635,2051,10853,1428,58010,517,20200216,1772,106
29,72528,1893,12561,1708,58097,87,20200217,1870,98
30,74279,1751,14387,1826,57886,-211,20200218,2006,136
31,75101,822,16170,1783,56810,-1076,20200219,2121,115
32,75993,892,18279,2109,55475,-1335,20200220,2239,118
33,76392,399,20673,2394,53371,-2104,20200221,2348,109
34,77041,649,22907,2234,51689,-1682,20200222,2445,97
35,77262,221,24757,1850,49910,-1779,20200223,2595,150
36,77779,517,27353,2596,47760,-2150,20200224,2666,71
37,78190,411,29775,2422,45697,-2063,20200225,2718,52
38,78630,440,32531,2756,43352,-2345,20200226,2747,29
39,78959,329,36157,3626,40011,-3341,20200227,2791,44
40,79389,430,39049,2892,37502,-2509,20200228,2838,47
41,79968,579,41675,2626,35420,-2082,20200229,2873,35
42,80174,206,44518,2843,32741,-2679,20200301,2915,42
43,80302,128,47260,2742,30096,-2645,20200302,2946,31
44,80422,120,49914,2654,27524,-2572,20200303,2984,38
45,80565,143,52109,2195,25441,-2083,20200304,3015,31
46,80710,145,53793,1684,23872,-1569,20200305,3045,30
47,80813,103,55477,1684,22263,-1609,20200306,3073,28
48,80859,46,57143,1666,20616,-1647,20200307,3100,27
49,80904,45,58684,1541,19097,-1519,20200308,3123,23
50,80924,20,59982,1298,17802,-1295,20200309,3140,17
51,80955,31,61567,1585,16226,-1576,20200310,3162,22
52,80980,25,62887,1320,14920,-1306,20200311,3173,11
53,81003,23,64216,1329,13607,-1313,20200312,3180,7
54,81021,18,65649,1433,12178,-1429,20200313,3194,14
55,81048,27,67022,1373,10822,-1356,20200314,3204,10
56,81077,29,67863,841,9996,-826,20200315,3218,14
57,81116,39,68799,936,9086,-910,20200316,3231,13
58,81151,35,69725,926,8184,-902,20200317,3242,11
59,81235,84,70547,822,7438,-746,20200318,3250,8
60,81300,65,71284,737,6763,-675,20200319,3253,3
61,81416,116,71876,592,6279,-484,20200320,3261,8
62,81498,82,72382,506,5849,-430,20200321,3267,6
63,81600,102,72841,459,5483,-366,20200322,3276,9
64,81747,147,73299,458,5165,-318,20200323,3283,7
65,81847,100,73791,492,4769,-396,20200324,3287,4
66,81960,113,74196,405,4471,-298,20200325,3293,6
67,82078,118,74737,541,4043,-428,20200326,3298,5
68,82213,135,75122,385,3790,-253,20200327,3301,3
69,82341,128,75600,478,3435,-355,20200328,3306,5
70,82447,106,75937,337,3199,-236,20200329,3311,5
71,82545,98,76225,288,3006,-193,20200330,3314,3
72,82631,86,76415,190,2895,-111,20200331,3321,7
73,82724,93,76610,195,2787,-108,20200401,3327,6
74,82802,78,76785,175,2686,-101,20200402,3331,4
75,82875,73,76984,199,2556,-130,20200403,3335,4
76,82930,55,77210,226,2382,-174,20200404,3338,3
77,83005,75,77348,138,2317,-65,20200405,3340,2
78,83071,66,77450,102,2281,-36,20200406,3340,0
79,83157,86,77586,136,2229,-52,20200407,3342,2
80,83249,92,77711,125,2194,-35,20200408,3344,2
81,83305,56,77838,127,2122,-72,20200409,3345,1
82,83369,64,77935,97,2085,-37,20200410,3349,4
83,83482,113,78020,85,2113,28,20200411,3349,0
84,83597,115,78145,125,2101,-12,20200412,3351,2
85,83696,99,78262,117,2083,-18,20200413,3351,0
86,83745,49,78389,127,2004,-79,20200414,3352,1
87,83797,52,78504,115,1941,-63,20200415,3352,0
88,84149,352,77635,-869,1872,-69,20200416,4642,1290
89,84180,31,77744,109,1794,-78,20200417,4642,0
90,84201,21,77825,81,1734,-60,20200418,4642,0
91,84237,36,77895,70,1700,-34,20200419,4642,0
92,84250,13,77978,83,1630,-70,20200420,4642,0
93,84287,37,78042,64,1603,-27,20200421,4642,0
94,84302,15,78147,105,1513,-90,20200422,4642,0
95,84311,9,78236,89,1433,-80,20200423,4642,0
96,84324,13,78362,126,1320,-113,20200424,4642,0
97,84338,14,78450,88,1246,-74,20200425,4642,0
98,84341,3,78558,108,1140,-106,20200426,4643,1
99,84347,6,78674,116,1030,-110,20200427,4643,0
100,84369,22,78729,55,997,-33,20200428,4643,0
101,84369,0,78766,37,960,-37,20200429,4643,0
102,84385,16,78845,79,897,-63,20200430,4643,0
103,84388,3,78905,60,840,-57,20200501,4643,0
104,84393,5,78939,34,811,-29,20200502,4643,0
105,84400,7,79016,77,741,-70,20200503,4643,0
106,84404,4,79126,110,635,-106,20200504,4643,0
107,84404,0,79203,77,558,-77,20200505,4643,0
108,84408,4,79249,46,516,-42,20200506,4643,0
109,84415,7,79324,75,448,-68,20200507,4643,0
110,84416,1,79348,24,425,-23,20200508,4643,0
111,84431,15,79491,143,297,-128,20200509,4643,0
112,84450,19,79533,42,274,-23,20200510,4643,0
113,84451,1,79566,33,241,-33,20200511,4644,1
114,84458,7,79594,28,220,-21,20200512,4644,0
115,84464,6,79621,27,199,-21,20200513,4644,0
116,84469,5,79644,23,181,-18,20200514,4644,0
117,84478,9,79668,24,166,-15,20200515,4644,0
118,84484,6,79682,14,157,-9,20200516,4645,1
119,84494,10,79701,19,148,-9,20200517,4645,0
120,84500,6,79708,7,147,-1,20200518,4645,0
121,84505,5,79715,7,145,-2,20200519,4645,0
122,84507,2,79722,7,140,-5,20200520,4645,0
123,84520,13,79736,14,139,-1,20200521,4645,0
124,84522,2,79738,2,139,0,20200522,4645,0
125,84525,3,79746,8,134,-5,20200523,4645,0
126,84536,11,79757,11,134,0,20200524,4645,0
127,84543,7,79767,10,131,-3,20200525,4645,0
128,84544,1,79774,7,125,-6,20200526,4645,0
129,84547,3,79786,12,116,-9,20200527,4645,0
130,84547,0,79791,5,111,-5,20200528,4645,0
131,84561,14,79800,9,116,5,20200529,4645,0
132,84570,9,79807,7,118,2,20200530,4645,0
133,84588,18,79812,5,131,13,20200531,4645,0
134,84597,9,79824,12,128,-3,20200601,4645,0
135,84604,7,79826,2,133,5,20200602,4645,0
136,84603,-1,79831,5,127,-6,20200603,4645,0
137,84614,11,79842,11,127,0,20200604,4645,0
138,84617,3,79848,6,124,-3,20200605,4645,0
139,84625,8,79853,5,127,3,20200606,4645,0
140,84634,9,79865,12,124,-3,20200607,4645,0
141,84638,4,79875,10,118,-6,20200608,4645,0
142,84641,3,79883,8,113,-5,20200609,4645,0
143,84652,11,79888,5,119,6,20200610,4645,0
144,84659,7,79896,8,118,-1,20200611,4645,0
145,84671,12,79903,7,123,5,20200612,4645,0
146,84729,58,79906,3,178,55,20200613,4645,0
147,84778,49,79913,7,220,42,20200614,4645,0
148,84823,45,79922,9,256,36,20200615,4645,0
149,84867,44,79926,4,296,40,20200616,4645,0
150,84903,36,79944,18,314,18,20200617,4645,0
151,84940,37,79949,5,346,32,20200618,4645,0
152,84970,30,79963,14,362,16,20200619,4645,0
153,84997,27,79969,6,382,20,20200620,4646,1
154,85018,21,79969,0,403,21,20200621,4646,0
155,85070,52,79983,14,441,38,20200622,4646,0
156,85098,28,79991,8,460,19,20200623,4647,1
157,85119,21,79999,8,473,13,20200624,4647,0
158,85148,29,80007,8,493,20,20200625,4648,1
159,85172,24,80015,8,509,16,20200626,4648,0
160,85190,18,80026,11,516,7,20200627,4648,0
161,85204,14,80044,18,512,-4,20200628,4648,0
162,85227,23,80054,10,525,13,20200629,4648,0
163,85232,5,80068,14,516,-9,20200630,4648,0
164,85263,31,80087,19,528,12,20200701,4648,0
165,85278,15,80102,15,528,0,20200702,4648,0
166,85284,6,80107,5,529,1,20200703,4648,0
167,85306,22,80144,37,514,-15,20200704,4648,0
168,85317,11,80154,10,515,1,20200705,4648,0
169,85345,28,80168,14,529,14,20200706,4648,0
170,85366,21,80192,24,526,-3,20200707,4648,0
171,85399,33,80240,48,511,-15,20200708,4648,0
172,85445,46,80268,28,529,18,20200709,4648,0
173,85487,42,80293,25,546,17,20200710,4648,0
174,85522,35,80314,21,560,14,20200711,4648,0
175,85568,46,80345,31,575,15,20200712,4648,0
176,85623,55,80376,31,598,23,20200713,4649,1
177,85677,54,80407,31,621,23,20200714,4649,0
178,85697,20,80445,38,601,-20,20200715,4651,2
179,85775,78,80476,31,648,47,20200716,4651,0
180,85857,82,80508,32,697,49,20200717,4652,1
181,85937,80,80535,27,749,52,20200718,4653,1
182,86068,131,80579,44,836,87,20200719,4653,0
183,86152,84,80605,26,894,58,20200720,4653,0
184,86214,62,80648,43,911,17,20200721,4655,2
185,86361,147,80685,37,1021,110,20200722,4655,0
186,86500,139,80738,53,1106,85,20200723,4656,1
187,86660,160,80782,44,1221,115,20200724,4657,1
188,86839,179,80849,67,1331,110,20200725,4659,2
189,87028,189,80899,50,1470,139,20200726,4659,0
190,87245,217,80906,7,1676,206,20200727,4663,4
191,87457,212,80957,51,1836,160,20200728,4664,1
192,87680,223,81034,77,1981,145,20200729,4665,1
193,87956,276,81120,86,2170,189,20200730,4666,1
194,88122,166,81227,107,2227,57,20200731,4668,2
195,88301,179,81348,121,2281,54,20200801,4672,4
196,88459,158,81459,111,2324,43,20200802,4676,4
197,88573,114,81554,95,2340,16,20200803,4679,3
198,88682,109,81675,121,2324,-16,20200804,4683,4
199,88804,122,81858,183,2262,-62,20200805,4684,1
200,88937,133,82034,176,2216,-46,20200806,4687,3
201,89057,120,82230,196,2139,-77,20200807,4688,1
202,89149,92,82410,180,2051,-88,20200808,4688,0
203,89270,121,82566,156,2011,-40,20200809,4693,5
204,89385,115,82689,123,2000,-11,20200810,4696,3
205,89444,59,82888,199,1856,-144,20200811,4700,4
206,89526,82,83083,195,1739,-117,20200812,4704,4
207,89625,99,83253,170,1665,-74,20200813,4707,3
208,89695,70,83407,154,1580,-85,20200814,4708,1
209,89761,66,83559,152,1492,-88,20200815,4710,2
210,89859,98,83648,89,1501,9,20200816,4710,0
211,89926,67,83737,89,1479,-22,20200817,4710,0
212,89980,54,83858,121,1410,-69,20200818,4712,2
213,90013,33,84027,169,1273,-137,20200819,4713,1
214,90053,40,84122,95,1215,-58,20200820,4716,3
215,90103,50,84254,132,1133,-82,20200821,4716,0
216,90141,38,84372,118,1052,-81,20200822,4717,1
217,90182,41,84446,74,1018,-34,20200823,4718,1
218,90205,23,84516,70,971,-47,20200824,4718,0
219,90239,34,84626,110,894,-77,20200825,4719,1
220,90271,32,84715,89,836,-58,20200826,4720,1
221,90301,30,84799,84,780,-56,20200827,4722,2
222,90323,22,84883,84,715,-65,20200828,4725,3
223,90351,28,84948,65,675,-40,20200829,4728,3
224,90383,32,85005,57,649,-26,20200830,4729,1
225,90402,19,85058,53,614,-35,20200831,4730,1
226,90422,20,85122,64,569,-45,20200901,4731,1
227,90442,20,85169,47,539,-30,20200902,4734,3
228,90457,15,85201,32,521,-18,20200903,4735,1
229,90498,41,85257,56,506,-15,20200904,4735,0
230,90517,19,85314,57,468,-38,20200905,4735,0
231,90551,34,85350,36,464,-4,20200906,4737,2
232,90573,22,85380,30,454,-10,20200907,4739,2
233,90582,9,85411,31,431,-23,20200908,4740,1
234,90595,13,85436,25,419,-12,20200909,4740,0
235,90623,28,85480,44,403,-16,20200910,4740,0
236,90643,20,85505,25,398,-5,20200911,4740,0
237,90666,23,85533,28,392,-6,20200912,4741,1
238,90695,29,85566,33,388,-4,20200913,4741,0
239,90718,23,85583,17,393,5,20200914,4742,1
240,90734,16,85605,22,386,-7,20200915,4743,1
241,90753,19,85634,29,376,-10,20200916,4743,0
242,90797,44,85662,28,392,16,20200917,4743,0
243,90814,17,85684,22,386,-6,20200918,4744,1
244,90840,26,85710,26,386,0,20200919,4744,0
245,90876,36,85721,11,411,25,20200920,4744,0
246,90890,14,85739,18,407,-4,20200921,4744,0
247,90908,18,85759,20,405,-2,20200922,4744,0
248,90918,10,85788,29,385,-20,20200923,4745,1
249,90933,15,85806,18,382,-3,20200924,4745,0
250,90951,18,85827,21,378,-4,20200925,4746,1
251,90966,15,85844,17,376,-2,20200926,4746,0
252,90993,27,85865,21,382,6,20200927,4746,0
253,91018,25,85884,19,388,6,20200928,4746,0
254,91041,23,85913,29,382,-6,20200929,4746,0
255,91061,20,85950,37,365,-17,20200930,4746,0
256,91082,21,85968,18,368,3,20201001,4746,0
257,91101,19,85984,16,371,3,20201002,4746,0
258,91121,20,86000,16,375,4,20201003,4746,0
259,91146,25,86019,19,381,6,20201004,4746,0
260,91170,24,86030,11,394,13,20201005,4746,0
261,91188,18,86056,26,386,-8,20201006,4746,0
262,91201,13,86062,6,393,7,20201007,4746,0
263,91252,51,86104,42,402,9,20201008,4746,0
264,91278,26,86136,32,396,-6,20201009,4746,0
265,91305,27,86153,17,406,10,20201010,4746,0
266,91333,28,86167,14,420,14,20201011,4746,0
267,91359,26,86185,18,428,8,20201012,4746,0
268,91388,29,86202,17,440,12,20201013,4746,0
269,91399,11,86217,15,436,-4,20201014,4746,0
270,91436,37,86239,22,451,15,20201015,4746,0
271,91460,24,86254,15,460,9,20201016,4746,0
272,91490,30,86286,32,458,-2,20201017,4746,0
273,91507,17,86312,26,449,-9,20201018,4746,0
274,91546,39,86333,21,467,18,20201019,4746,0
275,91565,19,86371,38,448,-19,20201020,4746,0
276,91588,23,86395,24,447,-1,20201021,4746,0
277,91621,33,86427,32,448,1,20201022,4746,0
278,91653,32,86448,21,459,11,20201023,4746,0
279,91675,22,86480,32,449,-10,20201024,4746,0
280,91701,26,86506,26,449,0,20201025,4746,0
281,91725,24,86526,20,453,4,20201026,4746,0
282,91735,10,86527,1,462,9,20201027,4746,0
283,91821,86,86560,33,515,53,20201028,4746,0
284,91852,31,86599,39,507,-8,20201029,4746,0
285,91893,41,86626,27,521,14,20201030,4746,0
286,91921,28,86654,28,521,0,20201031,4746,0
287,91955,34,86684,30,525,4,20201101,4746,0
288,92015,60,86712,28,557,32,20201102,4746,0
289,92045,30,86737,25,562,5,20201103,4746,0
290,92077,32,86766,29,564,2,20201104,4747,1
291,92121,44,86793,27,580,16,20201105,4748,1
292,92164,43,86831,38,585,5,20201106,4748,0
293,92195,31,86876,45,571,-14,20201107,4748,0
294,92242,47,86901,25,593,22,20201108,4748,0
295,92271,29,86925,24,598,5,20201109,4748,0
296,92299,28,86955,30,595,-3,20201110,4749,1
297,92336,37,86985,30,602,7,20201111,4749,0
298,92372,36,87027,42,596,-6,20201112,4749,0
299,92404,32,87059,32,596,0,20201113,4749,0
300,92428,24,87087,28,592,-4,20201114,4749,0
301,92452,24,87114,27,589,-3,20201115,4749,0
302,92476,24,87154,40,573,-16,20201116,4749,0
303,92490,14,87208,54,533,-40,20201117,4749,0
304,92513,23,87244,36,520,-13,20201118,4749,0
305,92544,31,87277,33,518,-2,20201119,4749,0
306,92588,44,87303,26,536,18,20201120,4749,0
307,92648,60,87321,18,578,42,20201121,4749,0
308,92733,85,87346,25,638,60,20201122,4749,0
309,92829,96,87370,24,710,72,20201123,4749,0
310,92914,85,87399,29,766,56,20201124,4749,0
311,93025,111,87444,45,832,66,20201125,4749,0
312,93113,88,87459,15,905,73,20201126,4749,0
313,93225,112,87496,37,980,75,20201127,4749,0
314,93329,104,87528,32,1051,71,20201128,4750,1
315,93465,136,87570,42,1145,94,20201129,4750,0
316,93577,112,87586,16,1241,96,20201130,4750,0
317,93668,91,87621,35,1297,56,20201201,4750,0
318,93797,129,87677,56,1369,72,20201202,4751,1
319,93905,108,87720,43,1433,64,20201203,4752,1
320,94038,133,87777,57,1508,75,20201204,4753,1
321,94160,122,87837,60,1570,62,20201205,4753,0
322,94293,133,87906,69,1634,64,20201206,4753,0
323,94383,90,87978,72,1652,18,20201207,4753,0
324,94500,117,88067,89,1680,28,20201208,4753,0
325,94618,118,88168,101,1695,15,20201209,4755,2
326,94749,131,88298,130,1696,1,20201210,4755,0
327,94849,100,88411,113,1683,-13,20201211,4755,0
328,94950,101,88546,135,1648,-35,20201212,4756,1
329,95064,114,88648,102,1658,10,20201213,4758,2
330,95167,103,88730,82,1676,18,20201214,4761,3
331,95279,112,88823,93,1692,16,20201215,4764,3
332,95375,96,88939,116,1672,-20,20201216,4764,0
333,95491,116,89047,108,1678,6,20201217,4766,2
334,95580,89,89158,111,1652,-26,20201218,4770,4
335,95716,136,89294,136,1652,0,20201219,4770,0
336,95816,100,89410,116,1635,-17,20201220,4771,1
337,95916,100,89492,82,1652,17,20201221,4772,1
338,95998,82,89601,109,1624,-28,20201222,4773,1
339,96074,76,89743,142,1557,-67,20201223,4774,1
340,96159,85,89843,100,1540,-17,20201224,4776,2
341,96240,81,89974,131,1489,-51,20201225,4777,1
342,96324,84,90074,100,1473,-16,20201226,4777,0
343,96417,93,90176,102,1463,-10,20201227,4778,1
344,96513,96,90247,71,1484,21,20201228,4782,4
345,96592,79,90360,113,1448,-36,20201229,4784,2
346,96673,81,90484,124,1401,-47,20201230,4788,4
347,96762,89,90597,113,1376,-25,20201231,4789,1
348,96807,45,90704,107,1314,-62,20210101,4789,0
349,96894,87,90788,84,1315,1,20210102,4791,2
350,96972,78,90851,63,1330,15,20210103,4791,0
351,97061,89,90914,63,1353,23,20210104,4794,3
352,97127,66,91008,94,1325,-28,20210105,4794,0
353,97217,90,91106,98,1316,-9,20210106,4795,1
354,97306,89,91188,82,1323,7,20210107,4795,0
355,97387,81,91262,74,1329,6,20210108,4796,1
356,97518,131,91351,89,1369,40,20210109,4798,2
357,97652,134,91418,67,1435,66,20210110,4799,1
358,97754,102,91500,82,1454,19,20210111,4800,1
359,97933,179,91588,88,1544,90,20210112,4801,1
360,98117,184,91685,97,1629,85,20210113,4803,2
361,98290,173,91764,79,1723,94,20210114,4803,0
362,98459,169,91841,77,1815,92,20210115,4803,0
363,98625,166,91908,67,1913,98,20210116,4804,1
364,98794,169,91959,51,2031,118,20210117,4804,0
365,99026,232,92020,61,2201,170,20210118,4805,1
366,99191,165,92089,69,2295,94,20210119,4807,2
367,99414,223,92148,59,2458,163,20210120,4808,1
368,99589,175,92216,68,2564,106,20210121,4809,1
369,99767,178,92297,81,2660,96,20210122,4810,1
370,99931,164,92383,86,2738,78,20210123,4810,0
371,100136,205,92497,114,2828,90,20210124,4811,1
372,100291,155,92565,68,2912,84,20210125,4814,3
373,100431,140,92718,153,2897,-15,20210126,4816,2
374,100548,117,92881,163,2849,-48,20210127,4818,2
375,100641,93,93034,153,2787,-62,20210128,4820,2
376,100747,106,93244,210,2682,-105,20210129,4821,1
377,100877,130,93449,205,2605,-77,20210130,4823,2
378,100974,97,93613,164,2536,-69,20210131,4825,2
379,101039,65,93726,113,2487,-49,20210201,4826,1
380,101092,53,93894,168,2370,-117,20210202,4828,2
381,101143,51,94115,221,2199,-171,20210203,4829,1
382,101241,98,94447,332,1963,-236,20210205,4831,2
383,101272,31,94597,150,1844,-119,20210206,4831,0
384,101316,44,94729,132,1756,-88,20210207,4831,0
385,101363,47,94839,110,1693,-63,20210208,4831,0
386,101408,45,95001,162,1574,-119,20210209,4833,2
387,101429,21,95142,141,1453,-121,20210210,4834,1
388,101463,34,95274,132,1353,-100,20210211,4836,2
389,101496,33,95398,124,1261,-92,20210212,4837,1
390,101515,19,95503,105,1174,-87,20210213,4838,1
391,101536,21,95589,86,1109,-65,20210214,4838,0
392,101561,25,95659,70,1064,-45,20210215,4838,0
393,101576,15,95739,80,997,-67,20210216,4840,2
394,101604,28,95845,106,917,-80,20210217,4842,2
395,101624,20,95926,81,856,-61,20210218,4842,0
396,101646,22,95998,72,806,-50,20210219,4842,0
397,101669,23,96074,76,753,-53,20210220,4842,0
398,101700,31,96134,60,724,-29,20210221,4842,0
399,101726,26,96186,52,698,-26,20210222,4842,0
400,101750,24,96225,39,683,-15,20210223,4842,0
401,101778,28,96361,136,574,-109,20210224,4843,1
402,101802,24,96424,63,535,-39,20210225,4843,0
403,101836,34,96467,43,526,-9,20210226,4843,0
404,101878,42,96522,55,513,-13,20210227,4843,0
405,101920,42,96568,46,508,-5,20210228,4844,1
406,101945,25,96600,32,500,-8,20210301,4845,1
407,101968,23,96640,40,483,-17,20210302,4845,0
408,101995,27,96681,41,469,-14,20210303,4845,0
409,102015,20,96706,25,463,-6,20210304,4846,1
410,102036,21,96732,26,458,-5,20210305,4846,0
411,102064,28,96767,35,449,-9,20210306,4848,2
412,102101,37,96783,16,470,21,20210307,4848,0
413,102125,24,96801,18,476,6,20210308,4848,0
414,102152,27,96835,34,469,-7,20210309,4848,0
415,102172,20,96859,24,464,-5,20210310,4849,1
416,102203,31,96887,28,467,3,20210311,4849,0
417,102276,73,96914,27,513,46,20210312,4849,0
418,102333,57,96953,39,531,18,20210313,4849,0
419,102363,30,96990,37,524,-7,20210314,4849,0
420,102411,48,97011,21,551,27,20210315,4849,0
421,102433,22,97038,27,546,-5,20210316,4849,0
422,102450,17,97079,41,522,-24,20210317,4849,0
423,102479,29,97112,33,518,-4,20210318,4849,0
424,102502,23,97132,20,521,3,20210319,4849,0
425,102523,21,97169,37,505,-16,20210320,4849,0
426,102539,16,97194,25,496,-9,20210321,4849,0
427,102566,27,97232,38,485,-11,20210322,4849,0
428,102589,23,97283,51,456,-29,20210323,4850,1
429,102612,23,97315,32,447,-9,20210324,4850,0
430,102635,23,97361,46,424,-23,20210325,4850,0
431,102659,24,97406,45,402,-22,20210326,4851,1
432,102683,24,97430,24,402,0,20210327,4851,0
433,102698,15,97457,27,390,-12,20210328,4851,0
434,102715,17,97483,26,381,-9,20210329,4851,0
435,102734,19,97499,16,384,3,20210330,4851,0
436,102762,28,97518,19,393,9,20210331,4851,0
437,102790,28,97541,23,398,5,20210401,4851,0
438,102838,48,97570,29,417,19,20210402,4851,0
439,102867,29,97595,25,421,4,20210403,4851,0
440,102908,41,97615,20,442,21,20210404,4851,0
441,102949,41,97646,31,452,10,20210405,4851,0
442,102970,21,97664,18,455,3,20210406,4851,0
443,103003,33,97681,17,471,16,20210407,4851,0
444,103034,31,97700,19,483,12,20210408,4851,0
445,103083,49,97749,49,481,-2,20210410,4853,2
446,103113,30,97771,22,488,7,20210411,4854,1
447,103136,23,97794,23,488,0,20210412,4854,0
448,103165,29,97815,21,495,7,20210413,4855,1
449,103185,20,97838,23,491,-4,20210414,4856,1
450,103203,18,97858,20,489,-2,20210415,4856,0
451,103237,34,97871,13,510,21,20210416,4856,0
452,103273,36,97888,17,529,19,20210417,4856,0
453,103315,42,97910,22,549,20,20210418,4856,0
454,103371,56,97973,63,542,-7,20210420,4856,0
455,103382,11,97996,23,530,-12,20210421,4856,0
456,103419,37,98030,34,533,3,20210422,4856,0
457,103441,22,98052,22,533,0,20210423,4856,0
458,103464,23,98078,26,530,-3,20210424,4856,0
459,103484,20,98100,22,527,-3,20210425,4857,1
460,103503,19,98116,16,530,3,20210426,4857,0
461,103529,26,98147,31,525,-5,20210427,4857,0
462,103562,33,98173,26,532,7,20210428,4857,0
463,103595,33,98195,22,543,11,20210429,4857,0
464,103617,22,98219,24,541,-2,20210430,4857,0
465,103649,32,98259,40,532,-9,20210501,4858,1
466,103667,18,98287,28,522,-10,20210502,4858,0
467,103694,27,98307,20,529,7,20210503,4858,0
468,103713,19,98333,26,522,-7,20210504,4858,0
469,103731,18,98361,28,512,-10,20210505,4858,0
470,103759,28,98387,26,514,2,20210506,4858,0
471,103774,15,98409,22,507,-7,20210507,4858,0
472,103796,22,98439,30,499,-8,20210508,4858,0
473,103809,13,98466,27,485,-14,20210509,4858,0
474,103828,19,98466,0,504,19,20210510,4858,0
475,103870,42,98506,40,506,2,20210511,4858,0
476,103902,32,98532,26,512,6,20210512,4858,0
477,103937,35,98556,24,523,11,20210513,4858,0
478,103986,49,98586,30,542,19,20210514,4858,0
479,104192,206,98607,21,727,185,20210515,4858,0
480,104428,236,98635,28,935,208,20210516,4858,0
481,104786,358,98666,31,1262,327,20210517,4858,0
482,105030,244,98666,0,1504,242,20210518,4860,2
483,105330,300,98711,45,1759,255,20210519,4860,0
484,105647,317,98703,-8,2083,324,20210520,4861,1
485,105972,325,98733,30,2378,295,20210521,4861,0
486,106715,743,98754,21,3098,720,20210522,4863,2
487,107177,462,98754,0,3554,456,20210523,4869,6
488,107807,630,98789,35,4143,589,20210524,4875,6
489,108348,541,98789,0,4678,535,20210525,4881,6
490,109016,668,98818,29,5306,628,20210526,4892,11
491,109693,677,98840,22,5948,642,20210527,4905,13
492,110263,570,98859,19,6480,532,20210528,4924,19
493,110766,503,98870,11,6951,471,20210529,4945,21
494,111147,381,98889,19,7303,352,20210530,4955,10
495,111525,378,98903,14,7652,349,20210531,4970,15
496,111887,362,98921,18,7983,331,20210601,4983,13
497,112458,571,98928,7,8535,552,20210602,4995,12
498,113068,610,98946,18,9110,575,20210603,5012,17
499,113565,497,98958,12,9574,464,20210604,5033,21
500,114106,541,98987,29,10049,475,20210605,5070,37
501,114474,368,98996,9,10372,323,20210606,5106,36
502,114707,233,99023,27,10552,180,20210607,5132,26
503,114913,206,99023,0,10736,184,20210608,5154,22
504,115229,316,99056,33,10994,258,20210609,5179,25
505,115507,278,99071,15,11229,235,20210610,5207,28
506,115820,313,99089,18,11500,271,20210611,5231,24
507,116103,283,99112,23,11734,234,20210612,5257,26
508,116301,198,99126,14,11892,158,20210613,5283,26
509,116507,206,99136,10,12073,181,20210614,5298,15
510,116665,158,99153,17,12206,133,20210615,5306,8
511,116853,188,99169,16,12360,154,20210616,5324,18
512,117051,198,99184,15,12524,164,20210617,5343,19
513,117272,221,99217,33,12691,167,20210618,5364,21
514,117421,149,99237,20,12800,109,20210619,5384,20
515,117548,127,99247,10,12906,106,20210620,5395,11
516,117651,103,105682,6435,6554,-6352,20210621,5415,20
517,117759,108,106259,577,6079,-475,20210622,5421,6
518,117880,121,107252,993,5183,-896,20210623,5445,24
519,118040,160,107531,279,5058,-125,20210624,5451,6
520,118145,105,107930,399,4758,-300,20210625,5457,6
521,118241,96,108225,295,4546,-212,20210626,5470,13
522,118358,117,107981,-244,4899,353,20210627,5478,8
523,118421,63,107981,0,4958,59,20210628,5482,4
524,118503,82,108454,473,4559,-399,20210629,5490,8
525,118573,70,108595,141,4483,-76,20210630,5495,5
526,118644,71,108726,131,4410,-73,20210701,5508,13
527,118736,92,108797,71,4416,6,20210702,5523,15
528,118832,96,109019,222,4280,-136,20210703,5533,10
529,118896,64,109360,341,4001,-279,20210704,5535,2
530,118951,55,109535,175,3879,-122,20210705,5537,2
531,118979,28,109683,148,3742,-137,20210706,5554,17
532,119094,115,109856,173,3675,-67,20210707,5563,9
533,119141,47,110059,203,3516,-159,20210708,5566,3
534,119204,63,110155,96,3471,-45,20210709,5578,12
535,119262,58,110340,185,3338,-133,20210710,5584,6
536,119321,59,110462,122,3271,-67,20210711,5588,4
537,119374,53,110532,70,3253,-18,20210712,5589,1
538,119428,54,110601,69,3232,-21,20210713,5595,6
539,119485,57,110691,90,3193,-39,20210714,5601,6
540,119539,54,110822,131,3110,-83,20210715,5607,6
541,119602,63,110900,78,3091,-19,20210716,5611,4
542,119647,45,111003,103,3032,-59,20210717,5612,1
543,119698,51,111054,51,3028,-4,20210718,5616,4
544,119784,86,111105,51,3062,34,20210719,5617,1
545,119837,53,111215,110,3001,-61,20210720,5621,4
546,119918,81,111263,48,3029,28,20210721,5626,5
547,120000,82,111362,99,3008,-21,20210722,5630,4
548,120061,61,111427,65,3002,-6,20210723,5632,2
549,120120,59,111493,66,2993,-9,20210724,5634,2
550,120213,93,111534,41,3045,52,20210725,5634,0
551,120295,82,111602,68,3059,14,20210726,5634,0
552,120399,104,111686,84,3078,19,20210727,5635,1
553,120469,70,111734,48,3100,22,20210728,5635,0
554,120553,84,111871,137,3047,-53,20210729,5635,0
555,120635,82,111906,35,3094,47,20210730,5635,0
556,120722,87,111970,64,3117,23,20210731,5635,0
557,120837,115,112024,54,3176,59,20210801,5637,2
558,120944,107,112053,29,3254,78,20210802,5637,0
559,121067,123,112115,62,3313,59,20210803,5639,2
560,121175,108,112185,70,3351,38,20210804,5639,0
561,121316,141,112270,85,3407,56,20210805,5639,0
562,121437,121,112324,54,3471,64,20210806,5642,3
563,121550,113,112393,69,3503,32,20210807,5654,12
564,121684,134,112435,42,3592,89,20210808,5657,3
565,121837,153,112509,74,3667,75,20210809,5661,4
566,121960,123,112543,34,3755,88,20210810,5662,1
567,122058,98,112588,45,3806,51,20210811,5664,2
568,122168,110,112651,63,3852,46,20210812,5665,1
569,122255,87,112718,67,3870,18,20210813,5667,2
570,122317,62,112802,84,3846,-24,20210814,5669,2
571,122378,61,112833,31,3876,30,20210815,5669,0
572,122433,55,112893,60,3871,-5,20210816,5669,0
573,122482,49,112984,91,3829,-42,20210817,5669,0
574,122542,60,113072,88,3801,-28,20210818,5669,0
575,122586,44,113489,417,3423,-378,20210819,5674,5
576,122617,31,113547,58,3395,-28,20210820,5675,1
577,122662,45,113649,102,3337,-58,20210821,5676,1
578,122698,36,113726,77,3296,-41,20210822,5676,0
579,122744,46,113843,117,3225,-71,20210823,5676,0
580,122777,33,113944,101,3156,-69,20210824,5677,1
581,122809,32,114057,113,3074,-82,20210825,5678,1
582,122852,43,114178,121,2994,-80,20210826,5680,2
583,122897,45,114312,134,2904,-90,20210827,5681,1
584,122942,45,114440,128,2821,-83,20210828,5681,0
585,123043,101,114664,224,2697,-124,20210830,5682,1
586,123068,25,114767,103,2618,-79,20210831,5683,1
587,123103,35,114863,96,2556,-62,20210901,5684,1
588,123136,33,114934,71,2517,-39,20210902,5685,1
589,123169,33,115024,90,2460,-57,20210903,5685,0
590,123199,30,115105,81,2409,-51,20210904,5685,0
591,123231,32,115178,73,2368,-41,20210905,5685,0
592,123285,54,115228,50,2372,4,20210906,5685,0
593,123322,37,115280,52,2357,-15,20210907,5685,0
594,123361,39,115323,43,2353,-4,20210908,5685,0
595,123386,25,115374,51,2326,-27,20210909,5686,1
596,123423,37,115428,54,2308,-18,20210910,5687,1
597,123478,55,115469,41,2322,14,20210911,5687,0
598,123544,66,115512,43,2345,23,20210912,5687,0
599,123642,98,115549,37,2405,60,20210913,5688,1
600,123722,80,115599,50,2435,30,20210914,5688,0
601,123808,86,115643,44,2477,42,20210915,5688,0
602,123904,96,115692,49,2524,47,20210916,5688,0
603,123961,57,115746,54,2527,3,20210917,5688,0
604,124038,77,115800,54,2550,23,20210918,5688,0
605,124102,64,115837,37,2576,26,20210919,5689,1
606,124185,83,115873,36,2623,47,20210920,5689,0
607,124232,47,115914,41,2629,6,20210921,5689,0
608,124283,51,115956,42,2637,8,20210922,5690,1
609,124348,65,115995,39,2663,26,20210923,5690,0
610,124403,55,116023,28,2690,27,20210924,5690,0
611,124447,44,116062,39,2695,5,20210925,5690,0
612,124498,51,116099,37,2709,14,20210926,5690,0
613,124542,44,116165,66,2686,-23,20210927,5691,1
614,124591,49,116227,62,2673,-13,20210928,5691,0
615,124629,38,116294,67,2644,-29,20210929,5691,0
616,124673,44,116344,50,2638,-6,20210930,5691,0
617,124729,56,116389,45,2648,10,20211001,5692,1
618,124772,43,116442,53,2638,-10,20211002,5692,0
619,124805,33,116491,49,2622,-16,20211003,5692,0
620,124843,38,116524,33,2626,4,20211004,5693,1
621,124884,41,116568,44,2623,-3,20211005,5693,0
622,124920,36,116630,62,2597,-26,20211006,5693,0
623,124954,34,116683,53,2578,-19,20211007,5693,0
624,124987,33,116723,40,2570,-8,20211008,5694,1
625,125023,36,116783,60,2545,-25,20211009,5695,1
626,125055,32,116827,44,2533,-12,20211010,5695,0
627,125085,30,116889,62,2501,-32,20211011,5695,0
628,125115,30,116938,49,2482,-19,20211012,5695,0
629,125143,28,116980,42,2468,-14,20211013,5695,0
630,125162,19,117075,95,2392,-76,20211014,5695,0
631,125189,27,117133,58,2361,-31,20211015,5695,0
632,125226,37,117164,31,2367,6,20211016,5695,0
633,125254,28,117194,30,2365,-2,20211017,5695,0
634,125284,30,117223,29,2366,1,20211018,5695,0
635,125304,20,117223,0,2386,20,20211019,5695,0
636,125351,47,117305,82,2351,-35,20211020,5695,0
637,125402,51,117325,20,2382,31,20211021,5695,0
638,125462,60,117350,25,2417,35,20211022,5695,0
639,125518,56,117382,32,2441,24,20211023,5695,0
640,125565,47,117415,33,2455,14,20211024,5695,0
641,125620,55,117432,17,2492,37,20211025,5696,1
642,125686,66,117457,25,2533,41,20211026,5696,0
643,125738,52,117484,27,2558,25,20211027,5696,0
644,125810,72,117512,28,2602,44,20211028,5696,0
645,125898,88,117528,16,2674,72,20211029,5696,0
646,125979,81,117550,22,2733,59,20211030,5696,0
647,126078,99,117587,37,2795,62,20211031,5696,0
648,126155,77,117615,28,2844,49,20211101,5696,0
649,126270,115,117638,23,2936,92,20211102,5696,0
650,126384,114,117662,24,3026,90,20211103,5696,0
651,126471,87,117692,30,3083,57,20211104,5696,0
652,126534,63,117735,43,3103,20,20211105,5696,0
653,126616,82,117782,47,3138,35,20211106,5696,0
654,126710,94,117838,56,3176,38,20211107,5696,0
655,126775,65,117880,42,3199,23,20211108,5696,0
656,126836,61,117934,54,3205,6,20211109,5697,1
657,126908,72,117972,38,3239,34,20211110,5697,0
658,127018,110,118038,66,3283,44,20211111,5697,0
659,127104,86,118119,81,3288,5,20211112,5697,0
660,127199,95,118182,63,3320,32,20211113,5697,0
661,127260,61,118240,58,3323,3,20211114,5697,0
662,127297,37,118316,76,3284,-39,20211115,5697,0
663,127331,34,118392,76,3242,-42,20211116,5697,0
664,127374,43,118452,60,3225,-17,20211117,5697,0
665,127405,31,118508,56,3200,-25,20211118,5697,0
666,127439,34,118581,73,3161,-39,20211119,5697,0
667,127463,24,118660,79,3106,-55,20211120,5697,0
668,127512,49,118752,92,3063,-43,20211121,5697,0
669,127537,25,118820,68,3020,-43,20211122,5697,0
670,127572,35,118892,72,2983,-37,20211123,5697,0
671,127602,30,118962,70,2943,-40,20211124,5697,0
672,127631,29,119031,69,2903,-40,20211125,5697,0
673,127672,41,119110,79,2865,-38,20211126,5697,0
674,127710,38,119159,49,2854,-11,20211127,5697,0
675,127764,54,119201,42,2866,12,20211128,5697,0
676,127814,50,119238,37,2879,13,20211129,5697,0
677,127938,124,119275,37,2966,87,20211130,5697,0
678,128022,84,119314,39,3011,45,20211201,5697,0
679,128141,119,119347,33,3097,86,20211202,5697,0
680,128245,104,119398,51,3150,53,20211203,5697,0
681,128319,74,119437,39,3185,35,20211204,5697,0
682,128393,74,119475,38,3221,36,20211205,5697,0
683,128502,109,119524,49,3281,60,20211206,5697,0
684,128602,100,119574,50,3331,50,20211207,5697,0
685,128690,88,119602,28,3391,60,20211208,5697,0
686,128776,86,119634,32,3445,54,20211209,5697,0
687,128884,108,119674,40,3513,68,20211210,5697,0
688,128970,86,119704,30,3569,56,20211211,5697,0
689,129082,112,119750,46,3635,66,20211212,5697,0
690,129165,83,119781,31,3687,52,20211213,5697,0
691,129247,82,119826,45,3724,37,20211214,5697,0
692,129332,85,119857,31,3777,53,20211215,5698,1
693,129430,98,119883,26,3849,72,20211216,5698,0
694,129577,147,119916,33,3963,114,20211217,5698,0
695,129678,101,119964,48,4016,53,20211218,5698,0
696,129794,116,120017,53,4078,62,20211219,5699,1
697,129893,99,120066,49,4128,50,20211220,5699,0
698,129988,95,120146,80,4143,15,20211221,5699,0
699,130109,121,120188,42,4222,79,20211222,5699,0
700,130211,102,120249,61,4263,41,20211223,5699,0
701,130376,165,120362,113,4315,52,20211224,5699,0
702,130625,249,120438,76,4488,173,20211225,5699,0
703,130858,233,120491,53,4668,180,20211226,5699,0
704,131093,235,120583,92,4811,143,20211227,5699,0
705,131315,222,120640,57,4976,165,20211228,5699,0
706,131550,235,120701,61,5150,174,20211229,5699,0
707,131782,232,120748,47,5335,185,20211230,5699,0
708,132071,289,120817,69,5555,220,20211231,5699,0
709,132301,230,120884,67,5718,163,20220101,5699,0
710,132479,178,120936,52,5844,126,20220102,5699,0
711,132692,213,120987,51,6006,162,20220103,5699,0
712,132830,138,121052,65,6079,73,20220104,5699,0
713,133063,233,121252,200,6112,33,20220105,5699,0
714,133304,241,121354,102,6251,139,20220106,5699,0
715,133540,236,121505,151,6336,85,20220107,5699,0
716,133770,230,121653,148,6418,82,20220108,5699,0
717,134003,233,121839,186,6465,47,20220109,5699,0
718,134233,230,121989,150,6545,80,20220110,5699,0
719,134540,307,122200,211,6641,96,20220111,5699,0
720,134838,298,122418,218,6721,80,20220112,5699,0
721,135135,297,122659,241,6776,55,20220113,5700,1
722,135370,235,122816,157,6854,78,20220114,5700,0
723,135569,199,122952,136,6917,63,20220115,5700,0
724,135850,281,123169,217,6981,64,20220116,5700,0
725,136089,239,123327,158,7062,81,20220117,5700,0
726,136248,159,123520,193,7028,-34,20220118,5700,0
727,136375,127,123771,251,6904,-124,20220119,5700,0
728,136511,136,123989,218,6822,-82,20220120,5700,0
729,136653,142,124185,196,6768,-54,20220121,5700,0
730,136852,199,124409,224,6743,-25,20220122,5700,0
731,137098,246,124663,254,6735,-8,20220123,5700,0
732,137264,166,124876,213,6688,-47,20220124,5700,0
733,137420,156,125070,194,6650,-38,20220125,5700,0
734,137655,235,125290,220,6665,15,20220126,5700,0
735,137970,315,125479,189,6791,126,20220127,5700,0
736,138180,210,125702,223,6778,-13,20220128,5700,0
737,138388,208,125904,202,6784,6,20220129,5700,0
738,138566,178,126074,170,6792,8,20220130,5700,0
739,138753,187,126220,146,6833,41,20220131,5700,0
740,138960,207,126391,171,6869,36,20220201,5700,0
741,139135,175,126511,120,6924,55,20220202,5700,0
742,139320,185,126662,151,6958,34,20220203,5700,0
743,139640,320,126827,165,7113,155,20220204,5700,0
744,140008,368,127002,175,7306,193,20220205,5700,0
745,140307,299,127234,232,7373,67,20220206,5700,0
746,140821,514,127468,234,7653,280,20220207,5700,0
747,141128,307,127639,171,7789,136,20220208,5700,0
748,141846,718,127856,217,8288,499,20220209,5702,2
749,142298,452,128320,464,8275,-13,20220210,5703,1
750,142980,682,128649,329,8628,353,20220211,5703,0
751,143243,263,128901,252,8636,8,20220212,5706,3
752,143706,463,128984,83,9016,380,20220213,5706,0
753,145288,1582,129644,660,9936,920,20220214,5708,2
754,146040,752,129958,314,10370,434,20220215,5712,4
755,146980,940,130287,329,10978,608,20220216,5715,3
756,147593,613,130585,298,11282,304,20220217,5726,11
757,149205,1612,130914,329,12545,1263,20220218,5746,20
758,149851,646,131233,319,12854,309,20220219,5764,18
759,150405,554,131502,269,13127,273,20220220,5776,12
760,154162,3757,131814,312,16560,3433,20220221,5788,12
761,157074,2912,132159,345,19091,2531,20220222,5824,36
762,161154,4080,132482,323,22799,3708,20220223,5873,49
763,163972,2818,132807,325,25252,2453,20220224,5913,40
764,168129,4157,133169,362,28974,3722,20220225,5986,73
765,173931,5802,133544,375,34321,5347,20220226,6066,80
766,198691,24760,133993,449,58550,24229,20220227,6148,82
767,210217,11526,134764,771,69220,10670,20220228,6233,85
768,228499,18282,135431,667,86589,17369,20220301,6479,246
769,249048,20549,136140,709,106251,19662,20220302,6657,178
770,269138,20090,136788,648,125495,19244,20220303,6855,198
771,300851,31713,137402,614,156406,30911,20220304,7043,188
772,319225,18374,138250,848,173712,17306,20220305,7263,220
773,338496,19271,139056,806,191944,18232,20220306,7496,233
774,344585,6089,139554,498,197255,5311,20220307,7776,280
775,359739,15154,140513,959,211159,13904,20220308,8067,291
776,372123,12384,141446,933,222319,11160,20220309,8358,291
777,380238,8115,142466,1020,229133,6814,20220310,8639,281
778,385997,5759,143494,1028,233570,4437,20220311,8933,294
779,391716,5719,144623,1129,237875,4305,20220312,9218,285
780,397659,5943,145499,876,242678,4803,20220313,9482,264
781,405360,7701,146023,524,249569,6891,20220314,9768,286
782,410827,5467,147084,1061,253686,4117,20220315,10057,289
783,415480,4653,148389,1305,256755,3069,20220316,10336,279
784,420134,4654,149838,1449,259671,2916,20220317,10625,289
785,424297,4163,151526,1688,261879,2208,20220318,10892,267
786,427848,3551,153047,1521,263660,1781,20220319,11141,249
787,431271,3423,154514,1467,265370,1710,20220320,11387,246
788,434834,3563,155494,980,267730,2360,20220321,11610,223
789,438647,3813,157432,1938,269360,1630,20220322,11855,245
790,441865,3218,159794,2362,270011,651,20220323,12060,205
791,445069,3204,161905,2111,270903,892,20220324,12261,201
792,447162,2093,164215,2310,270494,-409,20220325,12453,192
793,449283,2121,166661,2446,270030,-464,20220326,12592,139
794,451447,2164,168586,1925,270118,88,20220327,12743,151
795,453469,2022,170177,1591,270381,263,20220328,12911,168
796,455633,2164,172755,2578,269816,-565,20220329,13062,151
